label,seed,start_idx,reached_cap,first_cap_step,final_lambda
D0_EPISODIC_DUAL,10801,602028,False,,63.9242108414611
D0_EPISODIC_DUAL,10801,619985,False,,56.40484826548229
D0_EPISODIC_DUAL,10801,637921,False,,70.88872687833447
D0_EPISODIC_DUAL,10801,655797,False,,76.9033905568885
D0_EPISODIC_DUAL,10801,673777,False,,64.25351415648842
D0_EPISODIC_DUAL,10801,691626,False,,62.100821665836065
D0_EPISODIC_DUAL,10801,709586,False,,56.137878092758406
D0_EPISODIC_DUAL,10802,602028,True,1.0,105.34798178922631
D0_EPISODIC_DUAL,10802,619985,True,1.0,105.34798178922631
D0_EPISODIC_DUAL,10802,637921,True,1.0,105.34798178922631
D0_EPISODIC_DUAL,10802,655797,True,1.0,105.34798178922631
D0_EPISODIC_DUAL,10802,673777,True,1.0,105.34798178922631
D0_EPISODIC_DUAL,10802,691626,True,1.0,105.34798178922631
D0_EPISODIC_DUAL,10802,709586,True,1.0,105.34798178922631
D0_EPISODIC_DUAL,10803,602028,False,,104.16082735204878
D0_EPISODIC_DUAL,10803,619985,False,,92.87067157260182
D0_EPISODIC_DUAL,10803,637921,False,,96.86764072748937
D0_EPISODIC_DUAL,10803,655797,False,,86.6038992698636
D0_EPISODIC_DUAL,10803,673777,False,,97.83723826240616
D0_EPISODIC_DUAL,10803,691626,False,,95.25180679396149
D0_EPISODIC_DUAL,10803,709586,False,,85.83722215078838
D0_EPISODIC_DUAL,10804,602028,False,,47.017221381505024
D0_EPISODIC_DUAL,10804,619985,False,,47.017221381505024
D0_EPISODIC_DUAL,10804,637921,False,,43.283117423682455
D0_EPISODIC_DUAL,10804,655797,False,,22.341067136329702
D0_EPISODIC_DUAL,10804,673777,False,,40.03586711659504
D0_EPISODIC_DUAL,10804,691626,False,,47.017221381505024
D0_EPISODIC_DUAL,10804,709586,False,,13.52546984949851
D0_EPISODIC_DUAL,10805,602028,False,,67.48600281299468
D0_EPISODIC_DUAL,10805,619985,False,,65.25184661899517
D0_EPISODIC_DUAL,10805,637921,False,,56.10251831640321
D0_EPISODIC_DUAL,10805,655797,False,,61.60698013194705
D0_EPISODIC_DUAL,10805,673777,False,,58.0449431896524
D0_EPISODIC_DUAL,10805,691626,False,,59.28527526861949
D0_EPISODIC_DUAL,10805,709586,False,,54.12293718646526
D1_REALIZED_PACING,10801,602028,False,,98.21487466053948
D1_REALIZED_PACING,10801,619985,False,,94.27521021587863
D1_REALIZED_PACING,10801,637921,True,2760.0,105.34798178922631
D1_REALIZED_PACING,10801,655797,True,2640.0,105.34798178922631
D1_REALIZED_PACING,10801,673777,False,,94.44376170867976
D1_REALIZED_PACING,10801,691626,False,,91.13406625251471
D1_REALIZED_PACING,10801,709586,False,,98.17732201801596
D1_REALIZED_PACING,10802,602028,True,1.0,105.34798178922631
D1_REALIZED_PACING,10802,619985,True,1.0,105.34798178922631
D1_REALIZED_PACING,10802,637921,True,1.0,102.863184232311
D1_REALIZED_PACING,10802,655797,True,1.0,103.31662819148153
D1_REALIZED_PACING,10802,673777,True,1.0,105.34798178922631
D1_REALIZED_PACING,10802,691626,True,1.0,105.34798178922631
D1_REALIZED_PACING,10802,709586,True,1.0,105.34798178922631
D1_REALIZED_PACING,10803,602028,False,,78.99715678016267
D1_REALIZED_PACING,10803,619985,False,,78.28751241649651
D1_REALIZED_PACING,10803,637921,False,,73.34471485226808
D1_REALIZED_PACING,10803,655797,False,,67.22266478722369
D1_REALIZED_PACING,10803,673777,False,,77.86268727035578
D1_REALIZED_PACING,10803,691626,False,,78.09692200876508
D1_REALIZED_PACING,10803,709586,False,,78.24173268006767
D1_REALIZED_PACING,10804,602028,False,,92.48959292964308
D1_REALIZED_PACING,10804,619985,False,,92.4978024397967
D1_REALIZED_PACING,10804,637921,False,,79.28776163701623
D1_REALIZED_PACING,10804,655797,False,,76.66343498094692
D1_REALIZED_PACING,10804,673777,False,,74.29744941488688
D1_REALIZED_PACING,10804,691626,False,,76.21074528648641
D1_REALIZED_PACING,10804,709586,False,,70.57013168948228
D1_REALIZED_PACING,10805,602028,True,1.0,105.34798178922631
D1_REALIZED_PACING,10805,619985,True,1.0,105.34798178922631
D1_REALIZED_PACING,10805,637921,True,1.0,105.34798178922631
D1_REALIZED_PACING,10805,655797,True,1.0,105.34798178922631
D1_REALIZED_PACING,10805,673777,True,1.0,105.34798178922631
D1_REALIZED_PACING,10805,691626,True,1.0,105.34798178922631
D1_REALIZED_PACING,10805,709586,True,1.0,105.34798178922631
D2_ORDER_AWARE_PACING,10801,602028,True,1.0,105.34798178922631
D2_ORDER_AWARE_PACING,10801,619985,True,1.0,105.34798178922631
D2_ORDER_AWARE_PACING,10801,637921,True,1.0,105.34798178922631
D2_ORDER_AWARE_PACING,10801,655797,True,1.0,105.34798178922631
D2_ORDER_AWARE_PACING,10801,673777,True,1.0,105.34798178922631
D2_ORDER_AWARE_PACING,10801,691626,True,1.0,105.34798178922631
D2_ORDER_AWARE_PACING,10801,709586,True,1.0,105.18039218393905
D2_ORDER_AWARE_PACING,10802,602028,True,1.0,105.34798178922631
D2_ORDER_AWARE_PACING,10802,619985,True,1.0,105.34798178922631
D2_ORDER_AWARE_PACING,10802,637921,True,1.0,105.34798178922631
D2_ORDER_AWARE_PACING,10802,655797,True,1.0,105.34798178922631
D2_ORDER_AWARE_PACING,10802,673777,True,1.0,105.34798178922631
D2_ORDER_AWARE_PACING,10802,691626,True,1.0,105.34798178922631
D2_ORDER_AWARE_PACING,10802,709586,True,1.0,105.34798178922631
D2_ORDER_AWARE_PACING,10803,602028,True,1.0,105.34798178922631
D2_ORDER_AWARE_PACING,10803,619985,True,1.0,105.34798178922631
D2_ORDER_AWARE_PACING,10803,637921,True,1.0,105.34798178922631
D2_ORDER_AWARE_PACING,10803,655797,True,1.0,105.34798178922631
D2_ORDER_AWARE_PACING,10803,673777,True,1.0,105.34798178922631
D2_ORDER_AWARE_PACING,10803,691626,True,1.0,105.34798178922631
D2_ORDER_AWARE_PACING,10803,709586,True,1.0,105.34798178922631
D2_ORDER_AWARE_PACING,10804,602028,True,1.0,105.34798178922631
D2_ORDER_AWARE_PACING,10804,619985,True,1.0,105.34798178922631
D2_ORDER_AWARE_PACING,10804,637921,True,1.0,105.34798178922631
D2_ORDER_AWARE_PACING,10804,655797,True,1.0,105.34798178922631
D2_ORDER_AWARE_PACING,10804,673777,True,1.0,105.34798178922631
D2_ORDER_AWARE_PACING,10804,691626,True,1.0,105.34798178922631
D2_ORDER_AWARE_PACING,10804,709586,True,1.0,105.02759039079919
D2_ORDER_AWARE_PACING,10805,602028,True,120.0,105.34798178922631
D2_ORDER_AWARE_PACING,10805,619985,True,120.0,105.34798178922631
D2_ORDER_AWARE_PACING,10805,637921,True,240.0,105.13054705978506
D2_ORDER_AWARE_PACING,10805,655797,True,120.0,105.34798178922631
D2_ORDER_AWARE_PACING,10805,673777,True,120.0,105.34798178922631
D2_ORDER_AWARE_PACING,10805,691626,True,120.0,105.34798178922631
D2_ORDER_AWARE_PACING,10805,709586,True,120.0,105.34798178922631
