name,path,size_bytes,sha256
v08_protocol,artifacts/risk_budgeted_imm_v08/ETHUSDT/frozen_k4_ep10_multiseed/protocol.json,654,6b9c82e45fd3715bda21571767b8b4495acb015b4da35243e3d22daf973def4f
v08_episodes,artifacts/risk_budgeted_imm_v08/ETHUSDT/frozen_k4_ep10_multiseed/primary_evaluation_episodes.csv,12149,2ec8933ae2a2d4472e92ee3c7c324141988c0a8001c0df847870ada714b2b796
v08_transitions,artifacts/risk_budgeted_imm_v08/ETHUSDT/frozen_k4_ep10_multiseed/primary_evaluation_transitions.parquet,8596019,45b0664b85f55d187f8ec2afa60e079094d473196dad2574e6431210104c3dbd
v08a_verdict,artifacts/risk_budgeted_imm_v08a/ETHUSDT/fixed_penalty_statistical_closure/scientific_verdict.json,1417,ca7e10812ded7189ccf439daa77854b4452199e96a542e26c82b9ad63e1bc1a1
v09_protocol,artifacts/risk_budgeted_imm_v09/ETHUSDT/budget_paced_order_aware/protocol.json,1431,7f454abac05c07eba29281222aa0838fb95806c0942fac03fe6ec6f775208a5b
v09_training_integrity,artifacts/risk_budgeted_imm_v09/ETHUSDT/budget_paced_order_aware/training_integrity_ep10.csv,3331,541a71ecf24b0702037bc5a8342f951749f33a245ec07ef56348cf053e82c54b
v09_episodes,artifacts/risk_budgeted_imm_v09/ETHUSDT/budget_paced_order_aware/adaptive_validation_episodes.csv,27354,37a2492fad6ffb200622eb891dd4cac9a76b712081d1a48b70bc038d8590b6ae
v09_transitions,artifacts/risk_budgeted_imm_v09/ETHUSDT/budget_paced_order_aware/adaptive_validation_transitions.parquet,23472590,23d6cb89f54f8cca82050c470349b2093acc59658b0e231770959b6e06baeb39
v09_decision,artifacts/risk_budgeted_imm_v09/ETHUSDT/budget_paced_order_aware/scientific_decision.json,1248,0118d7de3c9ee0bfa44b680095c176608783e0638476309fc546bc10e20c91ee
