contrast,seed,mean_difference,d2_better_windows,windows,d2_risk,reference_risk
D2-minus-D1_REALIZED_PACING,10801,-0.19730572513634467,3,7,1.6409887849723124,1.838294510108657
D2-minus-D1_REALIZED_PACING,10802,0.34776735509990137,3,7,3.0068158504415905,2.659048495341689
D2-minus-D1_REALIZED_PACING,10803,-5.375723500221746,7,7,2.0442006540855706,7.419924154307316
D2-minus-D1_REALIZED_PACING,10804,0.7717562015041936,3,7,3.7633020991679373,2.991545897663744
D2-minus-D1_REALIZED_PACING,10805,-10.171721089648925,7,7,0.9024721702850176,11.074193259933944
D2-minus-D0_EPISODIC_DUAL,10801,-0.4897626620157277,5,7,1.6409887849723124,2.13075144698804
D2-minus-D0_EPISODIC_DUAL,10802,-5.093557651321204,7,7,3.0068158504415905,8.100373501762794
D2-minus-D0_EPISODIC_DUAL,10803,0.3281740380752594,2,7,2.0442006540855706,1.716026616010311
D2-minus-D0_EPISODIC_DUAL,10804,-1.2126406608811178,5,7,3.7633020991679373,4.9759427600490564
D2-minus-D0_EPISODIC_DUAL,10805,-0.34831774406600496,5,7,0.9024721702850176,1.2507899143510224
D2-minus-K4_VERY_STRONG,10801,0.5026755920339073,1,7,1.6409887849723124,1.1383131929384047
D2-minus-K4_VERY_STRONG,10802,1.269698083456279,1,7,3.0068158504415905,1.7371177669853108
D2-minus-K4_VERY_STRONG,10803,0.25485442670675706,2,7,2.0442006540855706,1.7893462273788132
D2-minus-K4_VERY_STRONG,10804,2.9619612288303423,1,7,3.7633020991679373,0.8013408703375949
D2-minus-K4_VERY_STRONG,10805,0.016665345126528303,3,7,0.9024721702850176,0.8858068251584893
