seed,label,completed_episodes,initial_fingerprint,dual_value,env_rng_digest
10801,D0_EPISODIC_DUAL,10,3ac406952238ea1622c532c1278a749018eb6eb22bdad8e3dc9cb65d3a8e5a43,54.43337403174761,18ac9500a49ff2e91585d7b1d4019bc73d949145838e6181d44ac901fa83d8ae
10801,D1_REALIZED_PACING,10,3ac406952238ea1622c532c1278a749018eb6eb22bdad8e3dc9cb65d3a8e5a43,98.47670048031175,18ac9500a49ff2e91585d7b1d4019bc73d949145838e6181d44ac901fa83d8ae
10801,D2_ORDER_AWARE_PACING,10,3ac406952238ea1622c532c1278a749018eb6eb22bdad8e3dc9cb65d3a8e5a43,105.34798178922631,18ac9500a49ff2e91585d7b1d4019bc73d949145838e6181d44ac901fa83d8ae
10802,D0_EPISODIC_DUAL,10,a5f054b8c3e6e77a9c7f141ea3e4779f7b0c587da3719590dea727d6125b3d51,105.34798178922631,55f951512766152b6bc8a28e154f988f83f00643c6ef0c2f62c4dfe2e4685573
10802,D1_REALIZED_PACING,10,a5f054b8c3e6e77a9c7f141ea3e4779f7b0c587da3719590dea727d6125b3d51,105.34798178922631,55f951512766152b6bc8a28e154f988f83f00643c6ef0c2f62c4dfe2e4685573
10802,D2_ORDER_AWARE_PACING,10,a5f054b8c3e6e77a9c7f141ea3e4779f7b0c587da3719590dea727d6125b3d51,105.34798178922631,55f951512766152b6bc8a28e154f988f83f00643c6ef0c2f62c4dfe2e4685573
10803,D0_EPISODIC_DUAL,10,c6e532033a6e2a3b14fce143795f1db831727d36183359864088659363027cfe,88.7620005709351,832b8b0a2c8343d487038bc5843148320b8125d84627410c19f00adc6400a491
10803,D1_REALIZED_PACING,10,c6e532033a6e2a3b14fce143795f1db831727d36183359864088659363027cfe,57.80678757287919,832b8b0a2c8343d487038bc5843148320b8125d84627410c19f00adc6400a491
10803,D2_ORDER_AWARE_PACING,10,c6e532033a6e2a3b14fce143795f1db831727d36183359864088659363027cfe,105.34798178922631,832b8b0a2c8343d487038bc5843148320b8125d84627410c19f00adc6400a491
10804,D0_EPISODIC_DUAL,10,bb7c71f0faf52327b8b9a4b06a974c708682e20f9095fd0a8aefb9814add0801,20.680225934198443,6303fc728249310b20f552ff595394ec73ee6e4d95806ed1a199de3dbcfedc37
10804,D1_REALIZED_PACING,10,bb7c71f0faf52327b8b9a4b06a974c708682e20f9095fd0a8aefb9814add0801,73.90210850730908,6303fc728249310b20f552ff595394ec73ee6e4d95806ed1a199de3dbcfedc37
10804,D2_ORDER_AWARE_PACING,10,bb7c71f0faf52327b8b9a4b06a974c708682e20f9095fd0a8aefb9814add0801,105.34798178922631,6303fc728249310b20f552ff595394ec73ee6e4d95806ed1a199de3dbcfedc37
10805,D0_EPISODIC_DUAL,10,5a6db903f85dd9651ca6ff489581526a7a5b9cca4beeb439da071fddaf72c25f,59.874908206348564,3449c17e90048238f1e01018fc8128988019c0d166056ac69adec6afdeedc324
10805,D1_REALIZED_PACING,10,5a6db903f85dd9651ca6ff489581526a7a5b9cca4beeb439da071fddaf72c25f,105.34798178922631,3449c17e90048238f1e01018fc8128988019c0d166056ac69adec6afdeedc324
10805,D2_ORDER_AWARE_PACING,10,5a6db903f85dd9651ca6ff489581526a7a5b9cca4beeb439da071fddaf72c25f,105.33448324601144,3449c17e90048238f1e01018fc8128988019c0d166056ac69adec6afdeedc324
