seed,label,checkpoint,initial_fingerprint,starts_digest,final_lambda,mean_train_risk,mean_order_alarm_positive_fraction
10801,D0_EPISODIC_DUAL,10,3ac406952238ea1622c532c1278a749018eb6eb22bdad8e3dc9cb65d3a8e5a43,892e5fc7f4c7f7301a7b163f3730374e9a14238c4fab535e4c61987ff0e56b9f,54.43337403174761,1.8748461710186333,0.8845890443984515
10801,D1_REALIZED_PACING,10,3ac406952238ea1622c532c1278a749018eb6eb22bdad8e3dc9cb65d3a8e5a43,892e5fc7f4c7f7301a7b163f3730374e9a14238c4fab535e4c61987ff0e56b9f,98.47670048031175,4.352903797650869,0.8827515120209176
10801,D2_ORDER_AWARE_PACING,10,3ac406952238ea1622c532c1278a749018eb6eb22bdad8e3dc9cb65d3a8e5a43,892e5fc7f4c7f7301a7b163f3730374e9a14238c4fab535e4c61987ff0e56b9f,105.34798178922631,3.128824496544765,0.884363721263148
10802,D0_EPISODIC_DUAL,10,a5f054b8c3e6e77a9c7f141ea3e4779f7b0c587da3719590dea727d6125b3d51,fa24131bf7ca490ca7da6da48b6e0dcd011f745d62a0e44ed17681e73247de3c,105.34798178922631,4.2855612550621,0.8895734531795757
10802,D1_REALIZED_PACING,10,a5f054b8c3e6e77a9c7f141ea3e4779f7b0c587da3719590dea727d6125b3d51,fa24131bf7ca490ca7da6da48b6e0dcd011f745d62a0e44ed17681e73247de3c,105.34798178922631,5.011338205337448,0.8935709761220773
10802,D2_ORDER_AWARE_PACING,10,a5f054b8c3e6e77a9c7f141ea3e4779f7b0c587da3719590dea727d6125b3d51,fa24131bf7ca490ca7da6da48b6e0dcd011f745d62a0e44ed17681e73247de3c,105.34798178922631,2.690929850737029,0.8916275125199988
10803,D0_EPISODIC_DUAL,10,c6e532033a6e2a3b14fce143795f1db831727d36183359864088659363027cfe,e6aa8435905e9d3bfdba3e421efc27adf94f9b8f3539d7c1aab35a603715046a,88.7620005709351,2.0932021388763364,0.8913121183030229
10803,D1_REALIZED_PACING,10,c6e532033a6e2a3b14fce143795f1db831727d36183359864088659363027cfe,e6aa8435905e9d3bfdba3e421efc27adf94f9b8f3539d7c1aab35a603715046a,57.80678757287919,3.481128849636793,0.8913953509319599
10803,D2_ORDER_AWARE_PACING,10,c6e532033a6e2a3b14fce143795f1db831727d36183359864088659363027cfe,e6aa8435905e9d3bfdba3e421efc27adf94f9b8f3539d7c1aab35a603715046a,105.34798178922631,2.2522020956612283,0.8916900646535268
10804,D0_EPISODIC_DUAL,10,bb7c71f0faf52327b8b9a4b06a974c708682e20f9095fd0a8aefb9814add0801,1c6ee12ab41be174a559fea18e6b9d92145fcb17774dcb0c318490639501a1d5,20.680225934198443,1.2834845549569625,0.8768499030656246
10804,D1_REALIZED_PACING,10,bb7c71f0faf52327b8b9a4b06a974c708682e20f9095fd0a8aefb9814add0801,1c6ee12ab41be174a559fea18e6b9d92145fcb17774dcb0c318490639501a1d5,73.90210850730908,3.699140256094652,0.8757475875033028
10804,D2_ORDER_AWARE_PACING,10,bb7c71f0faf52327b8b9a4b06a974c708682e20f9095fd0a8aefb9814add0801,1c6ee12ab41be174a559fea18e6b9d92145fcb17774dcb0c318490639501a1d5,105.34798178922631,1.8965576328544196,0.8781110230157697
10805,D0_EPISODIC_DUAL,10,5a6db903f85dd9651ca6ff489581526a7a5b9cca4beeb439da071fddaf72c25f,6720e2bf5431aa277d1a2cdaf28394f583a209939cd14cd941f40722bad4e171,59.874908206348564,1.652247529763367,0.8850982194850566
10805,D1_REALIZED_PACING,10,5a6db903f85dd9651ca6ff489581526a7a5b9cca4beeb439da071fddaf72c25f,6720e2bf5431aa277d1a2cdaf28394f583a209939cd14cd941f40722bad4e171,105.34798178922631,5.432496938345287,0.8807190440581734
10805,D2_ORDER_AWARE_PACING,10,5a6db903f85dd9651ca6ff489581526a7a5b9cca4beeb439da071fddaf72c25f,6720e2bf5431aa277d1a2cdaf28394f583a209939cd14cd941f40722bad4e171,105.33448324601144,2.0263267944290666,0.884157265418621
