metric,method,point,ci_low,ci_high,seed_sd,seeds
risk_difference_K4_minus_K0,crossed_iid,-2.3469377601028287,-4.490667753720326,-0.21506436420192304,,
risk_difference_K4_minus_K0,crossed_moving_block_L2,-2.3469377601028287,-4.466836925002706,-0.27541060026500336,,
risk_difference_K4_minus_K0,seed_t,-2.3469377601028287,-5.576201678442856,0.8823261582371984,2.600755053711463,5.0
pnl_difference_K4_minus_K0,crossed_iid,7.1336534265235185,-11.658333435362614,33.091791498843754,,
pnl_difference_K4_minus_K0,crossed_moving_block_L2,7.1336534265235185,-9.64767667690805,26.89751185943171,,
pnl_difference_K4_minus_K0,seed_t,7.13365342652352,-7.867171403274781,22.13447825632182,12.081227168943455,5.0
K4_absolute_risk,crossed_iid,1.2703849765597226,0.8258715522354317,1.851434770186618,,
K4_absolute_risk,crossed_moving_block_L2,1.2703849765597226,0.8351997568449518,1.8554488877618305,,
K4_absolute_risk,seed_t,1.2703849765597224,0.6904780516073915,1.8502919015120534,0.46704013790465376,5.0
K0_absolute_risk,crossed_iid,3.617322736662551,1.6250010048179477,5.822638555975263,,
K0_absolute_risk,crossed_moving_block_L2,3.617322736662551,1.598013937821122,5.81710690362786,,
K0_absolute_risk,seed_t,3.617322736662551,0.46626931336575916,6.7683761599593435,2.537766600187501,5.0
