path,exists,size_bytes,sha256
artifacts/risk_budgeted_imm_v10/ETHUSDT/fill_aware_anti_windup_residual_dual/protocol.json,True,2703,d06c99901878df5d02a70db752cf8b51c99e9c32d0a629979ae3ba9446d8e2cb
artifacts/risk_budgeted_imm_v10/ETHUSDT/fill_aware_anti_windup_residual_dual/fill_calibration_train_only.json,True,537,dad593917b4e79a6da84dc019e6ebde0be156d4797833758d60ad0e966c16e8f
artifacts/risk_budgeted_imm_v10/ETHUSDT/fill_aware_anti_windup_residual_dual/runtime_manifest.json,True,407,b71578be93126f26b1851735ab447e757f07de15a3faa9274404c46d4153860b
artifacts/risk_budgeted_imm_v10/ETHUSDT/fill_aware_anti_windup_residual_dual/training_integrity_branch5.csv,True,3049,d0b92e068277e7c34c8178480bc50fd8f237e588bf87f4066d9755d0613880a3
artifacts/risk_budgeted_imm_v10/ETHUSDT/fill_aware_anti_windup_residual_dual/train_only_gradient_diagnostics.csv,True,1562,59448cfaa8ceb7f3de60f6327ade9f229c6c51bd389187f328bc580b62c42001
artifacts/risk_budgeted_imm_v10/ETHUSDT/fill_aware_anti_windup_residual_dual/validation_integrity.csv,True,129,faeb2d39891e563f0b2473cda602a9552136f74944139c4e83462c832c4a155c
artifacts/risk_budgeted_imm_v10/ETHUSDT/fill_aware_anti_windup_residual_dual/publication_summary.csv,True,1757,0661c3578af6e0fa4e117492a5e88a210a51c2db71fc81a4454870d754905c97
artifacts/risk_budgeted_imm_v10/ETHUSDT/fill_aware_anti_windup_residual_dual/budget_compliance.csv,True,1031,731882a34d0aeb29a50a9e1baf1702bf25a9f82212773c7e49f0948a86562250
artifacts/risk_budgeted_imm_v10/ETHUSDT/fill_aware_anti_windup_residual_dual/primary_inference.csv,True,6348,57193e6d197677f4d2731d1eabec7a78f30cbda96767e5ff813fd9a9a89240bf
artifacts/risk_budgeted_imm_v10/ETHUSDT/fill_aware_anti_windup_residual_dual/seed_level_primary_ablation.csv,True,337,df2a9a10dc20b4694fd4322140a6f7e861113d243592176d7ac83efac60dae10
artifacts/risk_budgeted_imm_v10/ETHUSDT/fill_aware_anti_windup_residual_dual/figure1_d3_confirmatory.png,True,130703,8713bf0a484ab88e249e38d83f66aef8e8e6086f4192f0d7557373f7c67ed917
artifacts/risk_budgeted_imm_v10/ETHUSDT/fill_aware_anti_windup_residual_dual/figure2_d3_controller.png,True,149894,626dc3292cc0e7e1f230c1a2d39bc4d1fedde12f46575ecac33d716afa24f495
artifacts/risk_budgeted_imm_v10/ETHUSDT/fill_aware_anti_windup_residual_dual/final_scientific_decision.json,True,1758,ca2b9f8352beccdba04625804cde5905c61968f2f861debf38542cdbe7273f17
artifacts/risk_budgeted_imm_v10/ETHUSDT/fill_aware_anti_windup_residual_dual/article_claims.md,True,800,67037639bc384be70da7622c0a4f0d69e6a1d77386f28e335223774b400925ff
