seed,label,completed_episodes,initial_fingerprint,env_rng_digest,imported_from
10801,D3A_K4_CONTINUATION,5,68e25e8622e3967cf939db1d50251ec0674540f96db483b5f2ca4c976ff11ca3,74f5d6d8fb4cf64dfed13ba6c6b9b8ab721d223aad4080987563b88fcf74fc78,/content/drive/MyDrive/RIMM/artifacts/risk_budgeted_imm_v08/ETHUSDT/frozen_k4_ep10_multiseed/seeds/seed_10801/k4_very_strong/checkpoints/episode_10.pt
10801,D3B_RESIDUAL_PACING,5,68e25e8622e3967cf939db1d50251ec0674540f96db483b5f2ca4c976ff11ca3,74f5d6d8fb4cf64dfed13ba6c6b9b8ab721d223aad4080987563b88fcf74fc78,/content/drive/MyDrive/RIMM/artifacts/risk_budgeted_imm_v08/ETHUSDT/frozen_k4_ep10_multiseed/seeds/seed_10801/k4_very_strong/checkpoints/episode_10.pt
10801,D3C_FILL_AWARE_ANTI_WINDUP,5,68e25e8622e3967cf939db1d50251ec0674540f96db483b5f2ca4c976ff11ca3,74f5d6d8fb4cf64dfed13ba6c6b9b8ab721d223aad4080987563b88fcf74fc78,/content/drive/MyDrive/RIMM/artifacts/risk_budgeted_imm_v08/ETHUSDT/frozen_k4_ep10_multiseed/seeds/seed_10801/k4_very_strong/checkpoints/episode_10.pt
10802,D3A_K4_CONTINUATION,5,0fa90541c36c198fe636af84904c4d620bbedc35ad56c7415c118483bb61b7db,a0d181a0c994875a5ee5ebc825ccae9d543eccc8cef962ebf967307f1dbe2bcd,/content/drive/MyDrive/RIMM/artifacts/risk_budgeted_imm_v08/ETHUSDT/frozen_k4_ep10_multiseed/seeds/seed_10802/k4_very_strong/checkpoints/episode_10.pt
10802,D3B_RESIDUAL_PACING,5,0fa90541c36c198fe636af84904c4d620bbedc35ad56c7415c118483bb61b7db,a0d181a0c994875a5ee5ebc825ccae9d543eccc8cef962ebf967307f1dbe2bcd,/content/drive/MyDrive/RIMM/artifacts/risk_budgeted_imm_v08/ETHUSDT/frozen_k4_ep10_multiseed/seeds/seed_10802/k4_very_strong/checkpoints/episode_10.pt
10802,D3C_FILL_AWARE_ANTI_WINDUP,5,0fa90541c36c198fe636af84904c4d620bbedc35ad56c7415c118483bb61b7db,a0d181a0c994875a5ee5ebc825ccae9d543eccc8cef962ebf967307f1dbe2bcd,/content/drive/MyDrive/RIMM/artifacts/risk_budgeted_imm_v08/ETHUSDT/frozen_k4_ep10_multiseed/seeds/seed_10802/k4_very_strong/checkpoints/episode_10.pt
10803,D3A_K4_CONTINUATION,5,ffcaf562a5650fd70d8179f3124e4b4e52868a973465253bcb9e20ea3f77ea5b,74665a17283eac82dda984779085363444ab429490a99404938798c4288c752b,/content/drive/MyDrive/RIMM/artifacts/risk_budgeted_imm_v08/ETHUSDT/frozen_k4_ep10_multiseed/seeds/seed_10803/k4_very_strong/checkpoints/episode_10.pt
10803,D3B_RESIDUAL_PACING,5,ffcaf562a5650fd70d8179f3124e4b4e52868a973465253bcb9e20ea3f77ea5b,74665a17283eac82dda984779085363444ab429490a99404938798c4288c752b,/content/drive/MyDrive/RIMM/artifacts/risk_budgeted_imm_v08/ETHUSDT/frozen_k4_ep10_multiseed/seeds/seed_10803/k4_very_strong/checkpoints/episode_10.pt
10803,D3C_FILL_AWARE_ANTI_WINDUP,5,ffcaf562a5650fd70d8179f3124e4b4e52868a973465253bcb9e20ea3f77ea5b,74665a17283eac82dda984779085363444ab429490a99404938798c4288c752b,/content/drive/MyDrive/RIMM/artifacts/risk_budgeted_imm_v08/ETHUSDT/frozen_k4_ep10_multiseed/seeds/seed_10803/k4_very_strong/checkpoints/episode_10.pt
10804,D3A_K4_CONTINUATION,5,a70e32f47ba444123bd4e7f69e921fb3d90d388c610a968a331b160e48abb99c,da0e951640ad8e56d0f09ed9ec95162dec878ba9820f6baeeea6c2a770bb89ab,/content/drive/MyDrive/RIMM/artifacts/risk_budgeted_imm_v08/ETHUSDT/frozen_k4_ep10_multiseed/seeds/seed_10804/k4_very_strong/checkpoints/episode_10.pt
10804,D3B_RESIDUAL_PACING,5,a70e32f47ba444123bd4e7f69e921fb3d90d388c610a968a331b160e48abb99c,da0e951640ad8e56d0f09ed9ec95162dec878ba9820f6baeeea6c2a770bb89ab,/content/drive/MyDrive/RIMM/artifacts/risk_budgeted_imm_v08/ETHUSDT/frozen_k4_ep10_multiseed/seeds/seed_10804/k4_very_strong/checkpoints/episode_10.pt
10804,D3C_FILL_AWARE_ANTI_WINDUP,5,a70e32f47ba444123bd4e7f69e921fb3d90d388c610a968a331b160e48abb99c,da0e951640ad8e56d0f09ed9ec95162dec878ba9820f6baeeea6c2a770bb89ab,/content/drive/MyDrive/RIMM/artifacts/risk_budgeted_imm_v08/ETHUSDT/frozen_k4_ep10_multiseed/seeds/seed_10804/k4_very_strong/checkpoints/episode_10.pt
10805,D3A_K4_CONTINUATION,5,50e36dc74df9fdaeb08d8c41bf265b12677ed01a2cddf1e9c3561dad3a695859,058c629b21268eb499b8301b488bcb763f472dad27d7b79314e54c32773ee883,/content/drive/MyDrive/RIMM/artifacts/risk_budgeted_imm_v08/ETHUSDT/frozen_k4_ep10_multiseed/seeds/seed_10805/k4_very_strong/checkpoints/episode_10.pt
10805,D3B_RESIDUAL_PACING,5,50e36dc74df9fdaeb08d8c41bf265b12677ed01a2cddf1e9c3561dad3a695859,058c629b21268eb499b8301b488bcb763f472dad27d7b79314e54c32773ee883,/content/drive/MyDrive/RIMM/artifacts/risk_budgeted_imm_v08/ETHUSDT/frozen_k4_ep10_multiseed/seeds/seed_10805/k4_very_strong/checkpoints/episode_10.pt
10805,D3C_FILL_AWARE_ANTI_WINDUP,5,50e36dc74df9fdaeb08d8c41bf265b12677ed01a2cddf1e9c3561dad3a695859,058c629b21268eb499b8301b488bcb763f472dad27d7b79314e54c32773ee883,/content/drive/MyDrive/RIMM/artifacts/risk_budgeted_imm_v08/ETHUSDT/frozen_k4_ep10_multiseed/seeds/seed_10805/k4_very_strong/checkpoints/episode_10.pt
