metric,left,right,method,point,ci_low,ci_high,seed_sd,seeds
absolute_risk,K0_UNCONSTRAINED,,crossed_iid,3.617322736662551,1.5505484400252318,5.794869110692157,,
absolute_risk,K0_UNCONSTRAINED,,crossed_moving_block_L2,3.617322736662551,1.607426045930252,5.818862698829104,,
absolute_risk,K0_UNCONSTRAINED,,seed_t,3.617322736662551,0.46626931336575916,6.7683761599593435,2.537766600187501,5.0
absolute_risk,K4_VERY_STRONG,,crossed_iid,1.2703849765597226,0.8221242503198528,1.8435863242484503,,
absolute_risk,K4_VERY_STRONG,,crossed_moving_block_L2,1.2703849765597226,0.8284035024223693,1.842005936983073,,
absolute_risk,K4_VERY_STRONG,,seed_t,1.2703849765597224,0.6904780516073915,1.8502919015120534,0.46704013790465376,5.0
absolute_risk,D2_ORDER_AWARE_PACING,,crossed_iid,2.271555911790485,1.333656569743795,3.5892177299268226,,
absolute_risk,D2_ORDER_AWARE_PACING,,crossed_moving_block_L2,2.271555911790485,1.3638143524345663,3.6019280389082073,,
absolute_risk,D2_ORDER_AWARE_PACING,,seed_t,2.2715559117904855,0.8709488125802849,3.672163011000686,1.1280081416843581,5.0
absolute_risk,D3A_K4_CONTINUATION,,crossed_iid,1.735954277916107,1.0518407142300663,2.5546933276742267,,
absolute_risk,D3A_K4_CONTINUATION,,crossed_moving_block_L2,1.735954277916107,1.1308384722006142,2.4164161030532583,,
absolute_risk,D3A_K4_CONTINUATION,,seed_t,1.7359542779161075,0.9491213654107978,2.522787190421417,0.6336922981125078,5.0
absolute_risk,D3B_RESIDUAL_PACING,,crossed_iid,2.136335966061298,1.5156420672903257,2.8316481959111552,,
absolute_risk,D3B_RESIDUAL_PACING,,crossed_moving_block_L2,2.136335966061298,1.5374847270389658,2.7732843855047946,,
absolute_risk,D3B_RESIDUAL_PACING,,seed_t,2.136335966061298,1.4779961301748865,2.7946758019477094,0.5302077187055342,5.0
absolute_risk,D3C_FILL_AWARE_ANTI_WINDUP,,crossed_iid,2.1642026368515324,1.5138630104707833,2.89257649727059,,
absolute_risk,D3C_FILL_AWARE_ANTI_WINDUP,,crossed_moving_block_L2,2.1642026368515324,1.5198970974455817,2.888896021089971,,
absolute_risk,D3C_FILL_AWARE_ANTI_WINDUP,,seed_t,2.164202636851533,1.492837037148346,2.8355682365547197,0.5406982892911506,5.0
risk_difference,D3C_FILL_AWARE_ANTI_WINDUP,D3B_RESIDUAL_PACING,crossed_iid,0.027866670790234752,-0.08761388804859918,0.2177888058786549,,
risk_difference,D3C_FILL_AWARE_ANTI_WINDUP,D3B_RESIDUAL_PACING,crossed_moving_block_L2,0.027866670790234752,-0.10800940075104815,0.24463100177891275,,
risk_difference,D3C_FILL_AWARE_ANTI_WINDUP,D3B_RESIDUAL_PACING,seed_t,0.027866670790234756,-0.049503610923471005,0.10523695250394052,0.0623117701935727,5.0
pnl_difference,D3C_FILL_AWARE_ANTI_WINDUP,D3B_RESIDUAL_PACING,crossed_iid,1.1451045244647369,-3.351328981261188,8.09165739545161,,
pnl_difference,D3C_FILL_AWARE_ANTI_WINDUP,D3B_RESIDUAL_PACING,crossed_moving_block_L2,1.1451045244647369,-3.535777070825966,8.078179572166638,,
pnl_difference,D3C_FILL_AWARE_ANTI_WINDUP,D3B_RESIDUAL_PACING,seed_t,1.1451045244647369,-2.0342153274252346,4.324424376354708,2.5605315580457226,5.0
risk_difference,D3C_FILL_AWARE_ANTI_WINDUP,D3A_K4_CONTINUATION,crossed_iid,0.4282483589354256,-0.3947887716949798,1.182588175140913,,
risk_difference,D3C_FILL_AWARE_ANTI_WINDUP,D3A_K4_CONTINUATION,crossed_moving_block_L2,0.4282483589354256,-0.3715885106060133,1.2013720664554104,,
risk_difference,D3C_FILL_AWARE_ANTI_WINDUP,D3A_K4_CONTINUATION,seed_t,0.4282483589354256,-0.4490203770612832,1.3055170949321344,0.7065266749022245,5.0
pnl_difference,D3C_FILL_AWARE_ANTI_WINDUP,D3A_K4_CONTINUATION,crossed_iid,6.098672751518406,-4.297732292901033,17.366930038832475,,
pnl_difference,D3C_FILL_AWARE_ANTI_WINDUP,D3A_K4_CONTINUATION,crossed_moving_block_L2,6.098672751518406,-3.6701136892539825,15.692576742426981,,
pnl_difference,D3C_FILL_AWARE_ANTI_WINDUP,D3A_K4_CONTINUATION,seed_t,6.098672751518405,-3.4824451697455476,15.679790672782358,7.716353164080077,5.0
risk_difference,D3B_RESIDUAL_PACING,D3A_K4_CONTINUATION,crossed_iid,0.40038168814519093,-0.351858321854308,1.1146025169039275,,
risk_difference,D3B_RESIDUAL_PACING,D3A_K4_CONTINUATION,crossed_moving_block_L2,0.40038168814519093,-0.31226145439845926,1.11382526414979,,
risk_difference,D3B_RESIDUAL_PACING,D3A_K4_CONTINUATION,seed_t,0.4003816881451908,-0.5252218231955699,1.3259851994859515,0.7454540944086084,5.0
pnl_difference,D3B_RESIDUAL_PACING,D3A_K4_CONTINUATION,crossed_iid,4.953568227053669,-6.242844564154821,17.306886193983633,,
pnl_difference,D3B_RESIDUAL_PACING,D3A_K4_CONTINUATION,crossed_moving_block_L2,4.953568227053669,-6.279700087643125,16.708654797001156,,
pnl_difference,D3B_RESIDUAL_PACING,D3A_K4_CONTINUATION,seed_t,4.953568227053669,-3.997413583928653,13.90455003803599,7.208859904073178,5.0
risk_difference,D3C_FILL_AWARE_ANTI_WINDUP,K4_VERY_STRONG,crossed_iid,0.89381766029181,0.2075696486226086,1.727503304883313,,
risk_difference,D3C_FILL_AWARE_ANTI_WINDUP,K4_VERY_STRONG,crossed_moving_block_L2,0.89381766029181,0.20910416208990976,1.6889496079489963,,
risk_difference,D3C_FILL_AWARE_ANTI_WINDUP,K4_VERY_STRONG,seed_t,0.89381766029181,-0.0631784940888348,1.8508138146724549,0.770736814279119,5.0
pnl_difference,D3C_FILL_AWARE_ANTI_WINDUP,K4_VERY_STRONG,crossed_iid,3.3374597572432,-7.285005869482167,14.045272114399358,,
pnl_difference,D3C_FILL_AWARE_ANTI_WINDUP,K4_VERY_STRONG,crossed_moving_block_L2,3.3374597572432,-7.2774390924213455,13.391657015411347,,
pnl_difference,D3C_FILL_AWARE_ANTI_WINDUP,K4_VERY_STRONG,seed_t,3.3374597572432,-3.5818615241974547,10.256781038683854,5.572619719546013,5.0
risk_difference,D3C_FILL_AWARE_ANTI_WINDUP,D2_ORDER_AWARE_PACING,crossed_iid,-0.10735327493895279,-1.377387147659121,1.0284736682204556,,
risk_difference,D3C_FILL_AWARE_ANTI_WINDUP,D2_ORDER_AWARE_PACING,crossed_moving_block_L2,-0.10735327493895279,-1.3761221521850215,1.0042427119554023,,
risk_difference,D3C_FILL_AWARE_ANTI_WINDUP,D2_ORDER_AWARE_PACING,seed_t,-0.10735327493895279,-1.5463179142826073,1.3316113644047018,1.1589001867053488,5.0
pnl_difference,D3C_FILL_AWARE_ANTI_WINDUP,D2_ORDER_AWARE_PACING,crossed_iid,-2.9124428229835035,-24.773538982089608,14.490410236020711,,
pnl_difference,D3C_FILL_AWARE_ANTI_WINDUP,D2_ORDER_AWARE_PACING,crossed_moving_block_L2,-2.9124428229835035,-23.31730558199535,14.970282226173223,,
pnl_difference,D3C_FILL_AWARE_ANTI_WINDUP,D2_ORDER_AWARE_PACING,seed_t,-2.912442822983503,-12.899749293209751,7.074863647242746,8.04348558440466,5.0
