seed,label,checkpoint,initial_fingerprint,starts_digest,mean_train_risk,mean_final_residual,total_anti_windup_events
10801,D3A_K4_CONTINUATION,5,68e25e8622e3967cf939db1d50251ec0674540f96db483b5f2ca4c976ff11ca3,32b608956ab8235ca48f546209d739420f41f838e1175645502d6b19e21eee81,2.720623691865561,0.0,0
10801,D3B_RESIDUAL_PACING,5,68e25e8622e3967cf939db1d50251ec0674540f96db483b5f2ca4c976ff11ca3,32b608956ab8235ca48f546209d739420f41f838e1175645502d6b19e21eee81,2.2280172835376915,6.386678511872595,42
10801,D3C_FILL_AWARE_ANTI_WINDUP,5,68e25e8622e3967cf939db1d50251ec0674540f96db483b5f2ca4c976ff11ca3,32b608956ab8235ca48f546209d739420f41f838e1175645502d6b19e21eee81,2.2280172835376915,6.386678511872595,42
10802,D3A_K4_CONTINUATION,5,0fa90541c36c198fe636af84904c4d620bbedc35ad56c7415c118483bb61b7db,8ab73ae9aaaf60debac7a20b23bc0a553c8abaf54ab88145e20ba70cd8697987,1.1154752470005482,0.0,0
10802,D3B_RESIDUAL_PACING,5,0fa90541c36c198fe636af84904c4d620bbedc35ad56c7415c118483bb61b7db,8ab73ae9aaaf60debac7a20b23bc0a553c8abaf54ab88145e20ba70cd8697987,0.9394755267800372,2.7674732218274065,68
10802,D3C_FILL_AWARE_ANTI_WINDUP,5,0fa90541c36c198fe636af84904c4d620bbedc35ad56c7415c118483bb61b7db,8ab73ae9aaaf60debac7a20b23bc0a553c8abaf54ab88145e20ba70cd8697987,1.1841268367529947,2.8502637474521113,48
10803,D3A_K4_CONTINUATION,5,ffcaf562a5650fd70d8179f3124e4b4e52868a973465253bcb9e20ea3f77ea5b,3f8e16d4307b7e52821f7d7153c879bf494b5077751f13510ace080a5e4180c5,2.327186804878461,0.0,0
10803,D3B_RESIDUAL_PACING,5,ffcaf562a5650fd70d8179f3124e4b4e52868a973465253bcb9e20ea3f77ea5b,3f8e16d4307b7e52821f7d7153c879bf494b5077751f13510ace080a5e4180c5,1.9203028563975533,4.3274847468919715,37
10803,D3C_FILL_AWARE_ANTI_WINDUP,5,ffcaf562a5650fd70d8179f3124e4b4e52868a973465253bcb9e20ea3f77ea5b,3f8e16d4307b7e52821f7d7153c879bf494b5077751f13510ace080a5e4180c5,1.9203028563975533,4.3274847468919715,37
10804,D3A_K4_CONTINUATION,5,a70e32f47ba444123bd4e7f69e921fb3d90d388c610a968a331b160e48abb99c,11a60ca610e38c71b58e20855b421866d781c4aad8e7e893fe8d2a2f61acbee9,1.1193512971881034,0.0,0
10804,D3B_RESIDUAL_PACING,5,a70e32f47ba444123bd4e7f69e921fb3d90d388c610a968a331b160e48abb99c,11a60ca610e38c71b58e20855b421866d781c4aad8e7e893fe8d2a2f61acbee9,1.1650757206826436,2.4850956156798474,47
10804,D3C_FILL_AWARE_ANTI_WINDUP,5,a70e32f47ba444123bd4e7f69e921fb3d90d388c610a968a331b160e48abb99c,11a60ca610e38c71b58e20855b421866d781c4aad8e7e893fe8d2a2f61acbee9,1.1650757206826436,2.4850956156798474,47
10805,D3A_K4_CONTINUATION,5,50e36dc74df9fdaeb08d8c41bf265b12677ed01a2cddf1e9c3561dad3a695859,cc6a806b2159129e41aa1b52cb98f5d841c6a366ecf2073a5333514908f5018c,2.8227203251669755,0.0,0
10805,D3B_RESIDUAL_PACING,5,50e36dc74df9fdaeb08d8c41bf265b12677ed01a2cddf1e9c3561dad3a695859,cc6a806b2159129e41aa1b52cb98f5d841c6a366ecf2073a5333514908f5018c,1.129697053341366,3.208483935067695,54
10805,D3C_FILL_AWARE_ANTI_WINDUP,5,50e36dc74df9fdaeb08d8c41bf265b12677ed01a2cddf1e9c3561dad3a695859,cc6a806b2159129e41aa1b52cb98f5d841c6a366ecf2073a5333514908f5018c,1.129697053341366,3.208483935067695,54
