seed,label,observations,reward_action_grad_norm,cost_action_grad_norm,cost_to_reward_grad_ratio
10801,D3A_K4_CONTINUATION,512,0.0009229117422364652,5.282421625452116e-06,0.005723647773265839
10801,D3B_RESIDUAL_PACING,512,0.0008038652595132589,5.3727280828752555e-06,0.006683617830276489
10801,D3C_FILL_AWARE_ANTI_WINDUP,512,0.0008038652595132589,5.3727280828752555e-06,0.006683617830276489
10802,D3A_K4_CONTINUATION,512,0.00046987636596895754,5.515892098628683e-06,0.011739028617739677
10802,D3B_RESIDUAL_PACING,512,0.00046442277380265296,5.229052931099432e-06,0.011259252205491066
10802,D3C_FILL_AWARE_ANTI_WINDUP,512,0.000509152072481811,5.483961103891488e-06,0.010770772583782673
10803,D3A_K4_CONTINUATION,512,0.0011661909520626068,5.333444732968928e-06,0.004573388956487179
10803,D3B_RESIDUAL_PACING,512,0.0012034433893859386,6.049012426956324e-06,0.0050264205783605576
10803,D3C_FILL_AWARE_ANTI_WINDUP,512,0.0012034433893859386,6.049012426956324e-06,0.0050264205783605576
10804,D3A_K4_CONTINUATION,512,0.00025933526922017336,5.263153070700355e-06,0.020294783636927605
10804,D3B_RESIDUAL_PACING,512,0.0002762906369753182,6.248858426260995e-06,0.022616975009441376
10804,D3C_FILL_AWARE_ANTI_WINDUP,512,0.0002762906369753182,6.248858426260995e-06,0.022616975009441376
10805,D3A_K4_CONTINUATION,512,0.0007139372173696756,6.178717740112916e-06,0.008654427714645863
10805,D3B_RESIDUAL_PACING,512,0.0005364390090107918,7.657961759832688e-06,0.014275549910962582
10805,D3C_FILL_AWARE_ANTI_WINDUP,512,0.0005364390090107918,7.657961759832688e-06,0.014275549910962582
