seed,label,episode,initial_fingerprint,env_rng_digest
10801,K0_UNCONSTRAINED,10,2c40b93a485d84f98afb470fa7ee6bd8a934be70a2c0c03a20603643ecfcd6de,18ac9500a49ff2e91585d7b1d4019bc73d949145838e6181d44ac901fa83d8ae
10801,K4_VERY_STRONG,10,2c40b93a485d84f98afb470fa7ee6bd8a934be70a2c0c03a20603643ecfcd6de,18ac9500a49ff2e91585d7b1d4019bc73d949145838e6181d44ac901fa83d8ae
10802,K0_UNCONSTRAINED,10,2c40b93a485d84f98afb470fa7ee6bd8a934be70a2c0c03a20603643ecfcd6de,55f951512766152b6bc8a28e154f988f83f00643c6ef0c2f62c4dfe2e4685573
10802,K4_VERY_STRONG,10,2c40b93a485d84f98afb470fa7ee6bd8a934be70a2c0c03a20603643ecfcd6de,55f951512766152b6bc8a28e154f988f83f00643c6ef0c2f62c4dfe2e4685573
10803,K0_UNCONSTRAINED,10,2c40b93a485d84f98afb470fa7ee6bd8a934be70a2c0c03a20603643ecfcd6de,832b8b0a2c8343d487038bc5843148320b8125d84627410c19f00adc6400a491
10803,K4_VERY_STRONG,10,2c40b93a485d84f98afb470fa7ee6bd8a934be70a2c0c03a20603643ecfcd6de,832b8b0a2c8343d487038bc5843148320b8125d84627410c19f00adc6400a491
10804,K0_UNCONSTRAINED,10,2c40b93a485d84f98afb470fa7ee6bd8a934be70a2c0c03a20603643ecfcd6de,6303fc728249310b20f552ff595394ec73ee6e4d95806ed1a199de3dbcfedc37
10804,K4_VERY_STRONG,10,2c40b93a485d84f98afb470fa7ee6bd8a934be70a2c0c03a20603643ecfcd6de,6303fc728249310b20f552ff595394ec73ee6e4d95806ed1a199de3dbcfedc37
10805,K0_UNCONSTRAINED,10,2c40b93a485d84f98afb470fa7ee6bd8a934be70a2c0c03a20603643ecfcd6de,3449c17e90048238f1e01018fc8128988019c0d166056ac69adec6afdeedc324
10805,K4_VERY_STRONG,10,2c40b93a485d84f98afb470fa7ee6bd8a934be70a2c0c03a20603643ecfcd6de,3449c17e90048238f1e01018fc8128988019c0d166056ac69adec6afdeedc324
