seed,label,checkpoint,initial_fingerprint,starts_digest
10801,K0_UNCONSTRAINED,10,2c40b93a485d84f98afb470fa7ee6bd8a934be70a2c0c03a20603643ecfcd6de,892e5fc7f4c7f7301a7b163f3730374e9a14238c4fab535e4c61987ff0e56b9f
10801,K4_VERY_STRONG,10,2c40b93a485d84f98afb470fa7ee6bd8a934be70a2c0c03a20603643ecfcd6de,892e5fc7f4c7f7301a7b163f3730374e9a14238c4fab535e4c61987ff0e56b9f
10802,K0_UNCONSTRAINED,10,2c40b93a485d84f98afb470fa7ee6bd8a934be70a2c0c03a20603643ecfcd6de,fa24131bf7ca490ca7da6da48b6e0dcd011f745d62a0e44ed17681e73247de3c
10802,K4_VERY_STRONG,10,2c40b93a485d84f98afb470fa7ee6bd8a934be70a2c0c03a20603643ecfcd6de,fa24131bf7ca490ca7da6da48b6e0dcd011f745d62a0e44ed17681e73247de3c
10803,K0_UNCONSTRAINED,10,2c40b93a485d84f98afb470fa7ee6bd8a934be70a2c0c03a20603643ecfcd6de,e6aa8435905e9d3bfdba3e421efc27adf94f9b8f3539d7c1aab35a603715046a
10803,K4_VERY_STRONG,10,2c40b93a485d84f98afb470fa7ee6bd8a934be70a2c0c03a20603643ecfcd6de,e6aa8435905e9d3bfdba3e421efc27adf94f9b8f3539d7c1aab35a603715046a
10804,K0_UNCONSTRAINED,10,2c40b93a485d84f98afb470fa7ee6bd8a934be70a2c0c03a20603643ecfcd6de,1c6ee12ab41be174a559fea18e6b9d92145fcb17774dcb0c318490639501a1d5
10804,K4_VERY_STRONG,10,2c40b93a485d84f98afb470fa7ee6bd8a934be70a2c0c03a20603643ecfcd6de,1c6ee12ab41be174a559fea18e6b9d92145fcb17774dcb0c318490639501a1d5
10805,K0_UNCONSTRAINED,10,2c40b93a485d84f98afb470fa7ee6bd8a934be70a2c0c03a20603643ecfcd6de,6720e2bf5431aa277d1a2cdaf28394f583a209939cd14cd941f40722bad4e171
10805,K4_VERY_STRONG,10,2c40b93a485d84f98afb470fa7ee6bd8a934be70a2c0c03a20603643ecfcd6de,6720e2bf5431aa277d1a2cdaf28394f583a209939cd14cd941f40722bad4e171
